type,address
Digital Currency Address - USDT,TA3941uFAvmVibSkQ6fMJXxmaSNovX86mz
Digital Currency Address - USDT,TA39q3p75XRSWYAEaSF7dANtyksoa3sLge
Digital Currency Address - USDT,TBATDh41qMQ1yeVYecneEvhpfayYmkAQWS
Digital Currency Address - USDT,TBwghbQMsBC5xcUxE7ZpYXhfDMXZAfiFv6
Digital Currency Address - USDT,TBWRDpQsW1ZVPGGaBAwVLNb7iqmVBuM1nj
Digital Currency Address - USDT,TBYRhsZR7Mdn9ezpGVLwZiNVnGm8wZGLAD
Digital Currency Address - USDT,TBZefVsyQpzzxc2WSCLbZBECvxVdzGqdtC
Digital Currency Address - USDT,TC5UNu3LGrjjVCuLNDdVgjm4oL5cQAyFRZ
Digital Currency Address - USDT,TCA7AfTSuDmgYk2VaezfPuZF4Z4X8wxwcQ
Digital Currency Address - USDT,TDNKsLvsY2iSznyghddXz7ZDRc4X3191Z8
Digital Currency Address - USDT,TE3mCcPULjPUE7ykX7RArDPAhyahoy3d2j
Digital Currency Address - USDT,TF4J8Gp7zbS8NA3HLuxsLdx7Ebzr6weCGn
Digital Currency Address - USDT,TFdHux43bs21qRsygv5WQWfgtbQeT6nXey
Digital Currency Address - USDT,TFrH3dcpnR3tADrAcfyJwiK4brsgf3B7PG
Digital Currency Address - USDT,TFurWgnyNMq9bhLrLoT9FGnrLfAL2BtR5R
Digital Currency Address - USDT,TGDaYNWFXi9HJ7NacfETF15vhUH7eRhKzt
Digital Currency Address - USDT,TGdpkwNVFjw2DnbHBCFKLvCygPVPz9w4iM
Digital Currency Address - USDT,TGKgLatirRpTugS6wgCUKerjLbzWKXAVqx
Digital Currency Address - USDT,TGMFaAXH15oaW8MpcNHLid6NbMKWaaNPdC
Digital Currency Address - USDT,TGpNzk9noyvCCdnFPuSg5cqptPs16LjXZq
Digital Currency Address - USDT,TGRZZsD8gxahF5oE6C7K8LLRHqQzoPa5bX
Digital Currency Address - USDT,THEQTsqPhRDDfgcfBW5npH5Lr9PZhpthrf
Digital Currency Address - USDT,THHb5iMAbZgQYY19h6uY66y5xt6e11gcZC
Digital Currency Address - USDT,THob8vRrpDybXeqZDj8ukQhMjJVJ5nCbTW
Digital Currency Address - USDT,THUqqeevBQS3EYordDJKwp8DLFknesnfCD
Digital Currency Address - USDT,TJ812KESWjzJZGEWBPFCu74Js5zQS7jN5A
Digital Currency Address - USDT,TJBg9SxwiUUoqJGk18vK9avxkuV8GrKMK7
Digital Currency Address - USDT,TLRMHPjLGXsVpD9RVzSfat6zDiVDrd4b4w
Digital Currency Address - USDT,TMECKT19hfumcK3KqQKbhxkn1ohyeR58xu
Digital Currency Address - USDT,TMgnRWb9xFMtktny9Lzty21QYLLQD93ft6
Digital Currency Address - USDT,TMiSGhXXVsvJzqwGbwAsGiFxWg2eALZoM5
Digital Currency Address - USDT,TPcUZYthDfxNsHQnZZGBM1BDNBeNSjfPZE
Digital Currency Address - USDT,TPF9UQhqpV18BPWg5xo6MeB3h8t4iEg9gP
Digital Currency Address - USDT,TPo3JyryRcQ3uhBWexeYhtkpMitsUwY4uB
Digital Currency Address - USDT,TPPR7e8hGC57dexrE2jy1f94wtuGyVP6Dp
Digital Currency Address - USDT,TQKQ4ntejdYYJpuYkFz8oCSDoXW6RKRDdY
Digital Currency Address - USDT,TQthYM5nLqwAEr6DScC8tRtw29ncEB53mK
Digital Currency Address - USDT,TR18rEj7gWjKBJLYrowyfnvjWLTTsXGngK
Digital Currency Address - USDT,TRkGqvaobVp4XDNmSceRo5hDcJYDTFmYjd
Digital Currency Address - USDT,TTct1DezYvriNWU7Wi3mygLoskkaw61mra
Digital Currency Address - USDT,TTUqoT6EAmiM1xLvwVwxhjvjaoEUGtKDdZ
Digital Currency Address - USDT,TTzMs5AR66jr9mQMkWfCHVwd3AiLLYPepQ
Digital Currency Address - USDT,TUKsuPVb8kgJVFp5x528KC5HisUVdzxami
Digital Currency Address - USDT,TVDsEFm19zLV8HeXdt6G75rLroxnp6uqpV
Digital Currency Address - USDT,TVu2SiQrWSnfwk8quAeDxfiaLy6FHzYkMA
Digital Currency Address - USDT,TVyiDQ25H6Rx6PcNV1WyjGasGSa8ehj1Uv
Digital Currency Address - USDT,TW3RgbhYkFEFnmRJ9mE9b83T9XYSMkjwuD
Digital Currency Address - USDT,TWwv8FQiES3yHGig7y3zJWYuPaZfSV3vmY
Digital Currency Address - USDT,TXc4kRiMEcdXRxWpSKkD5qKaARExN4uxPq
Digital Currency Address - USDT,TXFUYHVJMDyKikutvCG6qNgTUS5pxtZhHs
Digital Currency Address - USDT,TYD6a4PAAfAgegEdDf9oZUnW4DFmS8jeFT
Digital Currency Address - USDT,TYK29mbyvVxLaLUKdFSTRADMwoxaVbVZQg
Digital Currency Address - USDT,TYxwUhoLPF7AgfG9GaXFEp8CQi8K8KG1m3
Digital Currency Address - XBT,12QtD5BFwRsdNsAZY76UVE1xyCGNTojH9h
Digital Currency Address - XBT,1Kuf2Rd8mDyAViwBozGTNYnvWL8uYFrkVo
Digital Currency Address - XBT,13f59kUM5FU8MfTG7DCEugYarDhSD7XCoC
Digital Currency Address - XBT,1P3ZfGFLezzYGg9k5SVzQmnjyh7nrUmF2y
Digital Currency Address - XBT,1EpMiZkQVekM5ij12nMiEwttFPcDK9XhX6
Digital Currency Address - XBT,1JREJdZupiFhE7ZzQPtASuMCvvpXC7wRsC
Digital Currency Address - XBT,149w62rY42aZBox8fGcmqNsXUzSStKeq8C
Digital Currency Address - XBT,1AjZPMsnmpdK2Rv9KQNfMurTXinscVro9V
Digital Currency Address - XBT,17ezuJoT3XBbdcwFZbkTnrXbup11F4uhiy
Digital Currency Address - XBT,1DH2xDH7TngrDU6LXciprKCBKNcPA1xX8A
Digital Currency Address - XBT,33Kja69SQVc8kozpoP7Qw6HFtGxHkiWzTz
Digital Currency Address - XBT,3MkUNScqf21EcfWq6T4x2MFgBeSTqhB5t6
Digital Currency Address - LTC,LaizKtS5DUhPuP1nTQcc83MS7HwK6vk85z
Digital Currency Address - XBT,18uKfaUjgG52rVeXEi3wxnveww7zZuECtE
Digital Currency Address - ETH,0x098B716B8Aaf21512996dC57EB0615e2383E2f96
Digital Currency Address - ETH,0xa0e1c89Ef1a489c9C7dE96311eD5Ce5D32c20E4B
Digital Currency Address - ETH,0x3Cffd56B47B7b41c56258D9C7731ABaDc360E073
Digital Currency Address - ETH,0x53b6936513e738f44FB50d2b9476730C0Ab3Bfc1
Digital Currency Address - ETH,0x35fB6f6DB4fb05e6A4cE86f2C93691425626d4b1
Digital Currency Address - ETH,0xF7B31119c2682c88d88D455dBb9d5932c65Cf1bE
Digital Currency Address - ETH,0x3e37627dEAA754090fBFbb8bd226c1CE66D255e9
Digital Currency Address - ETH,0x08723392Ed15743cc38513C4925f5e6be5c17243
Digital Currency Address - XBT,134r8iHv69xdT6p5qVKTsHrcUEuBVZAYak
Digital Currency Address - XBT,15YK647qtoZQDzNrvY6HJL6QwXduLHfT28
Digital Currency Address - XBT,1PfwHNxUnkpfkK9MKjMqzR3Xq3KCtq9u17
Digital Currency Address - XBT,14kqryJUxM3a7aEi117KX9hoLUw592WsMR
Digital Currency Address - XBT,1F2Gdug9ib9NQMhKMGGJczzMk5SuENoqrp
Digital Currency Address - XBT,3F2sZ4jbhvDKQdGbHYPC6ZxFXEau2m5Lqj
Digital Currency Address - XBT,1AXUTu9y3H8w4wYx4BjyFWgRhZKDhmcMrn
Digital Currency Address - XBT,1Hn9ErTCPRP6j5UDBeuXPGuq5RtRjFJxJQ
Digital Currency Address - XBT,1EfMVkxQQuZfBdocpJu6RUsCJvenQWbQyE
Digital Currency Address - XBT,17UVSMegvrzfobKC82dHXpZLtLcqzW9stF
Digital Currency Address - XBT,39eboeqYNFe2VoLC3mUGx4dh6GNhLB3D2q
Digital Currency Address - XBT,39fhoB2DohisGBbHvvfmkdPdShT75CNHdX
Digital Currency Address - XBT,3E6rY4dSCDW6y2bzJNwrjvTtdmMQjB6yeh
Digital Currency Address - XBT,3EeR8FbcPbkcGj77D6ttneJxmsr3Nu7KGV
Digital Currency Address - XBT,3HQRveQzPifZorZLDXHernc5zjoZax8U9f
Digital Currency Address - XBT,3JXKQ81JzBqVbB8VHdV9Jtd7auWokkdPgY
Digital Currency Address - XBT,3KHfXU24Bt3YD5Ef4J7uNp2buCuhrxfGen
Digital Currency Address - XBT,3LbDu1rUXHNyiz4i8eb3KwkSSBMf7C583D
Digital Currency Address - XBT,3MN8nYo1tt5hLxMwMbxDkXWd7Xu522hb9P
Digital Currency Address - XBT,3N6WeZ6i34taX8Ditser6LKWBcXmt2XXL4
Digital Currency Address - XBT,1Q9UAQbcDezmyouFrzt94t4dSMxgsUfW1X
Digital Currency Address - XBT,1Kys8fqDen8NGFUJ6AFcXfFW5qquuTH4eh
Digital Currency Address - ETH,0x7F367cC41522cE07553e823bf3be79A889DEbe1B
Digital Currency Address - XBT,1Q6saNmqKkyFB9mFR68Ck8F7Dp7dTopF2W
Digital Currency Address - XBT,1DDA93oZPn7wte2eR1ABwcFoxUFxkKMwCf
Digital Currency Address - ETH,0xd882cfc20f52f2599d84b8e8d58c7fb62cfe344b
Digital Currency Address - LTC,LNwgtMxcKUQ51dw7bQL1yPQjBVZh6QEqsd
Digital Currency Address - XMR,5be5543ff73456ab9f2d207887e2af87322c651ea1a873c5b25b7ffae456c320
Digital Currency Address - ETC,0xd882cfc20f52f2599d84b8e8d58c7fb62cfe344b
Digital Currency Address - ZEC,t1g7wowvQ8gn2v8jrU1biyJ26sieNqNsBJy
Digital Currency Address - DASH,XnPFsRWTaSgiVauosEwQ6dEitGYXgwznz2
Digital Currency Address - BTG,GPwg61XoHqQPNmAucFACuQ5H9sGCDv9TpS
Digital Currency Address - XBT,12udabs2TkX7NXCSj6KpqXfakjE52ZPLhz
Digital Currency Address - LTC,Leo3j36nn1JcsUQruytQhFUdCdCH5YHMR3
Digital Currency Address - ETH,0x901bb9583b24d97e995513c6778dc6888ab6870e
Digital Currency Address - XBT,1DT3tenf14cxz9WFNxmYrXFbB6TFiVWA9U
Digital Currency Address - DASH,Xs3vzQmNvAxRa3Xo8XzQqUb3BMgb9EogF4
Digital Currency Address - ETH,0xa7e5d5a720f06526557c513402f2e6b5fa20b008
Digital Currency Address - XBT,1Fz29BQp82pE3vXXcsZoMNQ3KSHfMzfMe3
Digital Currency Address - LTC,LWnbjLYUfqeokfbWM4FcU7uk2FP2DSxuWS
Digital Currency Address - XBT,1AeSq93WDNdLoEJ92sex7T8xQZoYYm8BtS
Digital Currency Address - LTC,LaYUy1DGfVSuSF5KbPhbLrm8kRotqiwUJn
Digital Currency Address - ETH,0x8576acc5c05d6ce88f4e49bf65bdf0c62f91353c
Digital Currency Address - ZEC,t1WSKwCDL1QYRRUrCCknEs5tDLhtGVYu9KM
Digital Currency Address - XBT,1AoxtfiBQ22DvbhqAN9Ctb8sULMRhrdwTr
Digital Currency Address - XBT,18Qj1THHuETfYhuRDZycXJbWwDMGw73Poa
Digital Currency Address - XBT,1MnbhWe5wr7Ut45ReyQsm96PwnM9jD7KaH
Digital Currency Address - XBT,1DYFJ6CuBvrxyoQSuBzVsNcetY9tvdsrag
Digital Currency Address - XBT,15Pt4NwZaUmMUwS2bQbyyncc7mzgWShtv8
Digital Currency Address - XBT,1PhqQpaGCrqSxQ6QDXcv14QCd1U98Zp34E
Digital Currency Address - XBT,13YBQr2Cp1YY3xqq2qngaPb7ca1o4ugeq6
Digital Currency Address - XBT,1KgudqxMfYaGzqAA7MS4DcsqejtMteqhix
Digital Currency Address - XBT,1FRyL9gmFGbzfYDAB4iY9836DJe3KSnjP9
Digital Currency Address - XBT,1DbShx4r8i2XesthoDBf5EkYWz5dsKEusV
Digital Currency Address - BSV,12sjrrhoFEsedNRhtgwvvRqjFTh8fZTDX9
Digital Currency Address - XBT,1NE2NiGhhbkFPSEyNWwj7hKGhGDedBtSrQ
Digital Currency Address - XBT,19D8PHBjZH29uS1uPZ4m3sVyqqfF8UFG9o
Digital Currency Address - XBT,1EYitrwBYNWuTBcjZFbEUdqHppe2raLpaF
Digital Currency Address - XBT,1G9CKRHA3mx22DoT1QyNYrh85VSQ19Y1em
Digital Currency Address - XBT,182NGZbPJXwg2WDrhrPpR7tpiGQkNPF844
Digital Currency Address - XBT,1NayLEVF3bEEbDtdF2Cwso1VdEtvVNh2qX
Digital Currency Address - XBT,16PhXY3hNNMTo8kpuJx2emh713KbWpkqci
Digital Currency Address - XBT,1GqChmWqGtsaLrGbHfgdrV5Nkvahtjjuxr
Digital Currency Address - XBT,18Ke1QWE9nQfXuhJijHggZuPJ5ZYxapoBK
Digital Currency Address - XBT,1QJUiNsNfji6mR1FjAwf6Eg9NxxHPoxpWL
Digital Currency Address - XBT,1DtGgdCi9VPKz2Bpq8GQhUQEPnQ5HwaT9n
Digital Currency Address - BCH,18M8bJWMzWHDBMxoLqjHHAffdRy4SrzkfB
Digital Currency Address - ETH,0x1da5821544e25c636c1417ba96ade4cf6d2f9b5a
Digital Currency Address - ETH,0x7Db418b5D567A4e0E8c59Ad71BE1FcE48f3E6107
Digital Currency Address - ETH,0x72a5843cc08275C8171E582972Aa4fDa8C397B2A
Digital Currency Address - ETH,0x7F19720A857F834887FC9A7bC0a0fBe7Fc7f8102
Digital Currency Address - LTC,LQAhYwwK5AR1JQiQPr7vu8Pu4b6qcxxvNB
Digital Currency Address - LTC,LgwmgYnraU2uBWHVFUDgAmFCPYj5Yw8C9L
Digital Currency Address - LTC,LeKvNdNEzgQkzVVnRdV3fAu2DSF1nLsNw6
Digital Currency Address - XBT,1KSAbh5trMCTZwhiNsuUQvfTtSSTT8zqRk
Digital Currency Address - XBT,1BiUFjzH6wsT73U3tfy4aXHCQsYQHzjk5h
Digital Currency Address - LTC,LeKvNdNEzgQkzVVnRdV3fAu2DSF1nLsNw6
Digital Currency Address - XVG,DFFJhnQNZf8rf67tYnesPu7MuGUpYtzv7Z
Digital Currency Address - DASH,XyARKoupuArYtToA2S6yMdnoquDCDaBsaT
Digital Currency Address - ZEC,t1MMXtBrSp1XG38Lx9cePcNUCJj5vdWfUWL
Digital Currency Address - XBT,3Gbs4rjcVUtQd8p3CiFUCxPLZwRqurezRZ
Digital Currency Address - BCH,qpf2cphc5dkuclkqur7lhj2yuqq9pk3hmukle77vhq
Digital Currency Address - ETH,0x9f4cda013e354b8fc285bf4b9a60460cee7f7ea9
Digital Currency Address - XBT,bc1qv7k70u2zynvem59u88ctdlaw7hc735d8xep9rq
Digital Currency Address - XBT,bc1qw4cxpe6sxa5dg6sdwxjph959cw6yztrzl4r54s
Digital Currency Address - ETH,0x3cbded43efdaf0fc77b9c55f6fc9988fcc9b757d
Digital Currency Address - BCH,qzjv8hrdvz6edu4gkzpnd4w6jc7zf296g5e9kkq4lx
Digital Currency Address - BCH,qq3vlashthktqpeppuv7trmw070e3mydgq63zq348v
Digital Currency Address - XMR,884Bz8UH63aYsjVdkfWfScRYWZGGNbjFL7pztqvWNSrtYT4reFSwyvkCj9KEGUtheHhhMUj87ciTBFyzoesrMJ4L1FvSoxL
Digital Currency Address - XMR,49HqitRzdnhYjgTEAhgGpCfsjdTeMbUTU6cyR4JV1R7k2Eej9rGT8JpFiYDa4tZM6RZiFrHmMzgSrhHEqpDYKBe5B2ufNsL
Digital Currency Address - XBT,17a5bpKvEp1j1Trs4qTbcNZrby53JbaS9C
Digital Currency Address - USDT,TLNRT524dzL5FF1nJHDhYEMFpeWjLjRbz1
Digital Currency Address - USDT,THh5woR8qfmDsNknQ3agPYzQSiRtMnKsTh
Digital Currency Address - USDT,TV5ZTpKDszLTF6XcMnPongS33pwBgF91by
Digital Currency Address - USDT,TTAHMdqoom4f2VTWniroPWQHcTRZ4caoH4
Digital Currency Address - USDT,TFFvv7NAWmbcVfA7QN81mMvUC25TWj1WJx
Digital Currency Address - XBT,1JPfVv5cWRLx1js9NWxg46dG2CGbeRz4th
Digital Currency Address - XBT,12HQDsicffSBaYdJ6BhnE22sfjTESmmzKx
Digital Currency Address - XBT,1L4ncif9hh9TnUveqWq77HfWWt6CJWtrnb
Digital Currency Address - XBT,13mnk8SvDGqsQTHbiGiHBXqtaQCUKfcsnP
Digital Currency Address - XBT,1Edue8XZCWNoDBNZgnQkCCivDyr9GEo4x6
Digital Currency Address - XBT,1ECeZBxCVJ8Wm2JSN3Cyc6rge2gnvD3W5K
Digital Currency Address - XBT,1J9oGoAiHeRfeMZeUnJ9W7RpV55CdKtgYE
Digital Currency Address - XBT,1295rkVyNfFpqZpXvKGhDqwhP1jZcNNDMV
Digital Currency Address - XBT,1LiNmTUPSJEd92ZgVJjAV3RT9BzUjvUCkx
Digital Currency Address - XBT,1LrxsRd7zNuxPJcL5rttnoeJFy1y4AffYY
Digital Currency Address - ETH,0x2f389ce8bd8ff92de3402ffce4691d17fc4f6535
Digital Currency Address - ETH,0x19aa5fe80d33a56d56c78e82ea5e50e5d80b4dff
Digital Currency Address - ETH,0xe7aa314c77f4233c18c6cc84384a9247c0cf367b
Digital Currency Address - XBT,1KUUJPkyDhamZXgpsyXqNGc3x1QPXtdhgz
Digital Currency Address - XBT,1CF46Rfbp97absrs7zb7dFfZS6qBXUm9EP
Digital Currency Address - XBT,1Df883c96LVauVsx9FEgnsourD8DELwCUQ
Digital Currency Address - XBT,bc1qdt3gml5z5n50y5hm04u2yjdphefkm0fl2zdj68
Digital Currency Address - ETH,0x308ed4b7b49797e1a98d3818bff6fe5385410370
Digital Currency Address - USDT,0x2f389ce8bd8ff92de3402ffce4691d17fc4f6535
Digital Currency Address - USDT,0x19aa5fe80d33a56d56c78e82ea5e50e5d80b4dff
Digital Currency Address - USDT,1KUUJPkyDhamZXgpsyXqNGc3x1QPXtdhgz
Digital Currency Address - USDT,1CF46Rfbp97absrs7zb7dFfZS6qBXUm9EP
Digital Currency Address - USDT,1LrxsRd7zNuxPJcL5rttnoeJFy1y4AffYY
Digital Currency Address - USDT,1Df883c96LVauVsx9FEgnsourD8DELwCUQ
Digital Currency Address - XBT,1B64QRxfaa35MVkf7sDjuGUYAP5izQt7Qi
Digital Currency Address - USDT,16iWn2J1McqjToYLHSsAyS6En3QA8YQ91H
Digital Currency Address - XBT,3E7YbpXuhh3CWFks1jmvWoV8y5DvsfzE6n
Digital Currency Address - ETH,0x67d40EE1A85bf4a4Bb7Ffae16De985e8427B6b45
Digital Currency Address - USDT,3LtcaPbCj87CwJHnRX3vh7c2y9RZQqeSy8
Digital Currency Address - ETH,0x6f1ca141a28907f78ebaa64fb83a9088b02a8352
Digital Currency Address - XBT,3NRJ8aXdUiZdHaiFX9ePX3DhGHzcEi14Fq
Digital Currency Address - XBT,3K7PMJyMNVnxqsfpmK9r9nJDtzDw9wNwNV
Digital Currency Address - XBT,3H3rh85qPaGLy2w6618yZNaH7i8asHv46B
Digital Currency Address - XBT,3MTrJTFhYK9v1C6pjHtuweZSopfZa4b1wb
Digital Currency Address - ETH,0x48549a34ae37b12f6a30566245176994e17c6b4a
Digital Currency Address - XBT,347QFbejDBdMZFTxpmn6evvvqyXiqZTCd7
Digital Currency Address - ETH,0x5512d943ed1f7c8a43f3435c85f7ab68b30121b0
Digital Currency Address - XBT,33xWfziVZesgo83U5izdNCBVTnrtBpSwK7
Digital Currency Address - XBT,32wdqwX3zCEX3DhAVEcKwXCEGdzgBnx1R9
Digital Currency Address - XBT,3N9YcPBDky9UsMx1RTk33tL4jDkZfSnsPk
Digital Currency Address - XBT,bc1q90zrdysy4flyacw7hsury3ajs9yzwtwp6guqpypx94w0d3p58hysvz6pde
Digital Currency Address - XBT,bc1qw7vfgv3r5vnehafl0y95sclg3uqsj87wxs9ad628yjjcq33cwessr6ndyw
Digital Currency Address - XBT,bc1q86tl9255vg5wldamfymaaz36uqxzm30gs7fhkljvzdlt9t38s3lqgdwdfq
Digital Currency Address - XBT,3M7CGBPUJwXXSroWuZ6H5jiprdKCyf7V5M
Digital Currency Address - XBT,34kWCKF2wCbe6uinit2uL4ND6d8yxsuxKM
Digital Currency Address - XBT,bc1qe95l438kzjcvnsm3kn8n5augf9gpctdlhsq7f7hpnkyvlr7rc7cqupapf7
Digital Currency Address - XBT,32VgTk8kGvBsqkHhkvtNooGdtqZm46jTVo
Digital Currency Address - XBT,3NPognMSbzyA2JYW2fpkVKWyBMi2XTq2Zt
Digital Currency Address - XBT,3MzLtBQ4Lz9J6w4Qu55TktgxFKZwxYWrP6
Digital Currency Address - XBT,36YGN5dGzqrxMomTHdkT6cYVMnWBw8S7hD
Digital Currency Address - ETH,0xc455f7fd3e0e12afd51fba5c106909934d8a0e4a
Digital Currency Address - XBT,bc1q4rzdtlt0uslyw86cp29sctl6ct29g9a95cuup7pn5md9ddj7xgmqpp5m73
Digital Currency Address - XBT,39KQvziHwUe2vddbpfC5WkQEV72qbQhxuh
Digital Currency Address - XBT,3Qw9Fn19gCnga9LfHfpM99aGzuqxBNjR2i
Digital Currency Address - XRP,rnXyVQzgxZe7TR1EPzTkGj2jxH4LMJYh66
Digital Currency Address - XBT,158treVZBGMBThoaympxccPdZPtqUfYrT9
Digital Currency Address - USDT,0xfec8a60023265364d066a1212fde3930f6ae8da7
Digital Currency Address - XBT,389Sft4nJFkPGhbagk9FN4jXncA9piYTuU
Digital Currency Address - XBT,39Te8MbphSgs7npDJPj2hbNzhke61NTcnB
Digital Currency Address - XBT,31p6woV4e55HUfC2aGynFhzQnGoJFW26cD
Digital Currency Address - XBT,3DNsaQnaUz7wkQny1ZDSmtz6QfbEShxoDD
Digital Currency Address - XBT,3AjyprBY5yhijiCjUC5NUJutGbwhd3AQdE
Digital Currency Address - XBT,35QpLWYkvD3ALhjbge5bK2kd7HfHYcDMu3
Digital Currency Address - XBT,3NQ1aa9ceirMJ1JvRq3eXefvXj1L639fzX
Digital Currency Address - XBT,3BsyZ7qRFSi3NsaoV1Ff724qAgrEpjVUHm
Digital Currency Address - XBT,372Wk9NLrMkJzKgqJdatWJy4bYRfxFjgat
Digital Currency Address - XBT,3Lpoy53K625zVeE47ZasiG5jGkAxJ27kh1
Digital Currency Address - ETH,0x7FF9cFad3877F21d41Da833E2F775dB0569eE3D9
Digital Currency Address - USDT,3E6ZCKRrsdPc35chA9Eftp1h3DLW18NFNV
Digital Currency Address - ETH,0x8Dce2aAC0dE82bdCAf6b4373B79f94331b8e4995
Digital Currency Address - ETH,0xf4377edA661e04B6DDA78969796Ed31658D602D4
Digital Currency Address - ETH,0xb338962B92CD818D6aef0A32a9ECD01212a71f33
Digital Currency Address - ETH,0x57EC89A0C056163A0314e413320f9B3ABe761259
Digital Currency Address - ETH,0xD8500C631dC32FA18645B7436344a99E4825e10e
Digital Currency Address - ETH,0x7CEd75026204aC29C34bEA98905D4C949F27361e
Digital Currency Address - TRX,TFwjPScaJRCbSWVAywE1S1WgaUgSnyYUbD
Digital Currency Address - TRX,TJkBr9TZ1xBeJoF7RNWqyEMbYqVJ6fXXHR
Digital Currency Address - TRX,TNDjh6WGLYyWmkh8vfu42bXVHUqFNQ3rDq
Digital Currency Address - XBT,3K4rjdh8A5yi6LWvft2rbmyZvqEbPSSSX4
Digital Currency Address - XBT,17mhyeBX617ABZ1ffThhUTJkHUcMvCkfd5
Digital Currency Address - XBT,35qwVtMEohWDdBWRiCSR7azoP5cbY8SG1Q
Digital Currency Address - XBT,35KAdTa2vqnJzitF2xiUzZn1Gmcas2Y465
Digital Currency Address - XBT,35LScRJ8hzDvvWh9t9UA8bHGnGNVz3YEfa
Digital Currency Address - XBT,1PJp8diNa89cVHpiT1VPu7EQ8LxYM5HX6v
Digital Currency Address - XBT,17V7THwHMiDJmDwZK4unhE5HgKFJKx7VCe
Digital Currency Address - XBT,3PiCnZrBvGfWAKQ9hr4cCpfaDjy64yNSpE
Digital Currency Address - XBT,14gM1HuLVDELNHaFU22qpabjtiWek4HhV1
Digital Currency Address - XBT,1GYuu9d5HPikafbys3k5Q3DRJq6debGsoB
Digital Currency Address - XBT,3GXdtA6kbb4M5aqzZm5qqxcFDFRMW8LqdJ
Digital Currency Address - XBT,1B11Ezqg3AXjFhMdRq5UpPDpNyriYNVtkn
Digital Currency Address - XBT,16SPDQFFzgsoNSPiFFTfS8Dw8LLXqia4oc
Digital Currency Address - XBT,19pPbUDvoSBZafkUCYkD2Z9AkuqqV6sWm7
Digital Currency Address - XBT,3BQACtiMXYB9JpUMpkEWt9m8BzswpGHq4X
Digital Currency Address - XBT,1DGsY4ww3BJnWXTsnmTgWa6UWdoRXgA1pX
Digital Currency Address - XBT,1GcKLUUXodTQcLcPD7VLMgvCc4hs5Q775
Digital Currency Address - XBT,1EvhBad5wCZYhBoAsGaciV6AvmZ1osLpeJ
Digital Currency Address - XBT,bc1qsmv6lkrw65l30yazdqpdjjtwzpvk9f8gfh0cy7
Digital Currency Address - XBT,bc1qs9u6j78e3utj08mwvqkkmqm9de5xk3g4yh8qtq
Digital Currency Address - XBT,12VrYZgS1nmf9KHHped24xBb1aLLRpV2cT
Digital Currency Address - XBT,bc1q202ajnhxgg9d9jjczmg0g4usp6haqldyy2eakl
Digital Currency Address - XBT,1NbGwQwt4uEhg2srAKppLf8QaF6fbp3PZG
Digital Currency Address - XBT,13LQJQ1oJ9K7PsqsGfjNhoVv6UeU6hgzQz
Digital Currency Address - XBT,1CG1aSCxUnbmv9G34ofxTQoHtuVnMLJtQV
Digital Currency Address - XBT,3Kp8Qc5z7yevDeoQxhS5RSSKnEi5x7AQ43
Digital Currency Address - XBT,331TS6DyASY7iU5CRA8UryBnkPS78fP2B1
Digital Currency Address - XBT,1NvJm3jfZxENNyqws5BKQvhkLxg9chLJdo
Digital Currency Address - XBT,1Licqjca74n8pmNaoARXLLqcTUTHFpxbXH
Digital Currency Address - XBT,175BUqf8JCU1uoG1iTRKTacDa4uvJDUCw2
Digital Currency Address - XBT,1ANpca7g93BwptUJg1zV116v49zn9gjDi3
Digital Currency Address - XBT,1BCWMwpR4M1nYUuuYe2bmzrNuwGoF9ZAbA
Digital Currency Address - XBT,18cFGAdYcvNHkuhXLBE7izQKCyUW8TzCJE
Digital Currency Address - XBT,1QHxyuLGRMHfbNPJikV4Dwhfx45HWfUMWB
Digital Currency Address - XBT,1GnFTy5F9qi5MfaRZfgdg2jkyT5xtAHvd8
Digital Currency Address - XBT,bc1quyc6j8ca84q9gjej5jjd2n8hra0vfu0j60fefs57p6e5rerkq07q0l5u3w
Digital Currency Address - XBT,16p2UWTZwXRyK5bTHNVjdDyy1D3EQGsZf2
Digital Currency Address - XBT,1CddRqw7oSPrT4tt5oXKyx2LiHJDPszy7y
Digital Currency Address - XBT,1Hhe61Bwxs8Hd2WxzWY9FQyZicBiZGeSNW
Digital Currency Address - XBT,1D3GuaS9eqKw8dWj9JFQtNufdRtysjSLxZ
Digital Currency Address - XBT,1PWRKxkR5AU7Tc9zPqjdhtu1eGW1QZzs4y
Digital Currency Address - XBT,1D1ej7zQzywWBDNXKNYpmH7Hso2U9koDG4
Digital Currency Address - XBT,3KGQ3hX6eFYtBjTBFSdvdkzHmwZyYWLRQh
Digital Currency Address - XBT,1LKE3XA9bf5JFqtGtCHzWj5QGxKGwMfXZw
Digital Currency Address - XBT,1MtsQsw6n2jvJCWhpCw7jifTfD9Q3rBBVg
Digital Currency Address - XBT,1KkaKujnqwJf7Cbm7JKAZGF3X9d4685m8n
Digital Currency Address - XBT,1Ge8JodC2HiBiEuT7D3MoH6Fak6XrcT9Kf
Digital Currency Address - XBT,bc1qsmqpalp3gtgkltag4x3ygevmhh9y2hzk73t2ug
Digital Currency Address - XBT,1E9uUnLbyfToazo95vmM3ysYnzgkrL7GeC
Digital Currency Address - XBT,1HH8eiuaTMucTNyvGCUmAvmCZCtdMi8SqK
Digital Currency Address - XBT,19FQzHibWDhSP8pKmJS3uagFYoisXtehzw
Digital Currency Address - XBT,3DLGfN7hgsWXXSp9euXcnmWXLpFQuswW2t
Digital Currency Address - XBT,1PXxwPVtYxZiCRp9LKq7aKMDFrhAQztvUE
Digital Currency Address - XBT,1Q4tJjH2aBr3AJrzxqa4Z3jPpf5SDgF4jK
Digital Currency Address - XBT,1PYtgFS2t6i57WdDvbRa7kPcsagGMBxzfg
Digital Currency Address - XBT,16ZSAEfYpPCj3D94fsNt2okYj9Ue8mxy6T
Digital Currency Address - XBT,bc1qvlzfn6kmezv44d8kw0p5jsmxe6wchv3zc7gsxs
Digital Currency Address - XBT,3QVyoH4u3qT88uChAeJVhfB3r6maZt431y
Digital Currency Address - XBT,1FFS6pX1TCKTNy668Mbk2Lyoem1qB48kYX
Digital Currency Address - XBT,1Dpddb1TMjvmNQeYDqgyd1ww6cmwPJRdSk
Digital Currency Address - XBT,3AjiWiUdKB5mcGUSS9mBeoHCeYJw3Zo8r6
Digital Currency Address - XBT,1EtMuBPQnPCa3cecerdSH1SzydxnhbTmw
Digital Currency Address - XBT,3CCmt5LjQ5yKkaFY1DWC2SbERVEtWRnSRD
Digital Currency Address - XBT,1MQBDeRWsiJBf7K1VGjJ7PWEL6GJXMfmLg
Digital Currency Address - XBT,1MbtT2ZsTtLp7EKZUV9r74cTyqvsMtTP2M
Digital Currency Address - XBT,36yS87PLuW7sErLg1TY26WzaVarTim7AcC
Digital Currency Address - XBT,3AYU365Tcjef7j9pdKF9Xe8rWpEpsH196t
Digital Currency Address - XBT,148LKmyZT3FGE4x1GjsFN6RsAwcjzk5iuE
Digital Currency Address - XBT,16EKTes8ahD8xvwisqjc2xSNLiG3fDHatW
Digital Currency Address - XBT,3GuQjr7kkrR5EjpanMgyAuxuLgrjEUwe21
Digital Currency Address - XBT,35eanEz5iYg2eYaxCtMrR4SCoypFqrBWUH
Digital Currency Address - XBT,3QWUdP5taP4GrRuueVDud1eWetb7hc3wDH
Digital Currency Address - XBT,3Czhm6xqn8odwz6jgTcjRrUjog28v6aVS8
Digital Currency Address - XBT,1F7UL41qYm6TvnExZzPHBCyeENvX3XDEMS
Digital Currency Address - XBT,123WBUDmSJv4GctdVEz6Qq6z8nXSKrJ4KX
Digital Currency Address - XBT,3BCN3WgMRJwULTz1vsEQ7NZrBjwaUBf5Ca
Digital Currency Address - XBT,35SwVFxosV3AsvnrBfzdXarqavRbvDyyxv
Digital Currency Address - XBT,32pCmCWEjwhkLwh5BgLNAeBQFp5Gi1hv81
Digital Currency Address - XBT,1G64TFMFVJTjhJXra6x74BBhsfSyiWaFtT
Digital Currency Address - XBT,1A3iYY4c3dkgNYGewzYzr7EsqfBuWXibGo
Digital Currency Address - XBT,3GAUBtrTtWp1D9yeXgr3wMg8B599QHa5m5
Digital Currency Address - XBT,3HJN4jRa4mdfkey9JR9jUhr86yPwL86A3C
Digital Currency Address - XBT,1EuUMPBCZtSd5pVVFEqmRqUSfU1qy6ASuL
Digital Currency Address - XBT,1Pu1nAW7kCoSMThMs8QcpM8JxuByQDZgH
Digital Currency Address - XBT,3QnWE5GVfQu3wVav91RuFkqip4Ti4NWqAY
Digital Currency Address - XBT,1CNbhgxGRZvsWnEHotfXge7k2E1UPzBDC7
Digital Currency Address - XBT,3HSZc4BLnQBznjSq7JvXgqNCZUUs3M9fZz
Digital Currency Address - XBT,37dDBCexFPraKW4jGSqkE3NyG52YeZQbJx
Digital Currency Address - XBT,1H8sDTTgJPBKw83EBZDLhXvetCbxZUMMZM
Digital Currency Address - XBT,1BvJRBRp9ZZ6zLyuZaZsV7g3xP6JokdZQW
Digital Currency Address - XBT,bc1q237mvl0heyw0r38wd3xz8h5mar96rrwpams8pp
Digital Currency Address - XBT,34dxZvijpBM1YkPybczbQ7DuGuKAnULdfS
Digital Currency Address - XBT,1GkLN7DbA9mAtHNzQWNPANcdWbefaz4Gzm
Digital Currency Address - XBT,13hfsQm6oCaDZehfYBSMFiJVAi1jsL6sQd
Digital Currency Address - XBT,1Sf6e4xQv8muMZqYPTdRFf3e5o5eWcg9F
Digital Currency Address - XBT,bc1qj6j6p0jdefl6pvdzx3kx8245yy5mz6q4luhzes
Digital Currency Address - XBT,1B3u21itzjgKtm7QsNQNCBpSkwzzeDHqrW
Digital Currency Address - XBT,3JhPsVV3KnL9dBYGSZALS9EbrLr97R865a
Digital Currency Address - XBT,bc1qqf8kcc9m57xjqcvsvuf989nnl48ve6d2s24cx3
Digital Currency Address - XBT,1HuYfoEwsfHgZiRhbhJrCd5ST3iksa8KEx
Digital Currency Address - XBT,1J9wJH2bamZVxscXAvoDH4jvtGKb7sYFDm
Digital Currency Address - XBT,34WWXwFKAsXL9zYxbeNPaPV6vDamkjQLUo
Digital Currency Address - XBT,3PDmRwotTkRAFRLGTUrucCERp2JdM1q4ar
Digital Currency Address - XBT,3AFcE2mbSSndcpYFgHoExSmjUc26ef2gQh
Digital Currency Address - XBT,3P6PzdfETr4275Gn3veLkCyDxA1jV8fHKm
Digital Currency Address - XBT,3HRExd8GKFskZC5inmVcpiyy9UWG7FVa6o
Digital Currency Address - XBT,3MP7yBGSW2gkXVRE8S84T2j4KVgPh3rEzv
Digital Currency Address - XBT,1K2fmE9hfhbRNSZoBvCBWZAvsS5idTUxBG
Digital Currency Address - XBT,3ES6pqCueDPCnC4hCqhhYuey6gyiRJZw6E
Digital Currency Address - XBT,3KvBX3jo69Qn8jHy44M33RYoeYcf8DdRBD
Digital Currency Address - XBT,3K26aMKmnrv97Pj6YiFcqiXk2LxeHfhnG3
Digital Currency Address - XBT,3BWP6ZQAhc4j5wR1b95zJAthJEFvhdees7
Digital Currency Address - XBT,3JuSgFrwnrNfuhvR4GpWAPmeJVot4xrEae
Digital Currency Address - XBT,1DKGRGJXGNLAtTeFb9SNPNHtrkZ87q7qKi
Digital Currency Address - XBT,361AkMKNNWYwZRsCE8pPNmoh5aQf4V7g4p
Digital Currency Address - XBT,33fWcMdmsB2Ey4CEbVWbjGFkuevBSyP9nG
Digital Currency Address - XBT,35aTjkBh4yeTypJsi9nuTdoMKHTsawKVgX
Digital Currency Address - XBT,3K35dyL85fR9ht7UgzPfd1gLRRXQtNTqE3
Digital Currency Address - XBT,3Q5dGfLKkWqWSwYtbMUyc8xGjN5LrRviK4
Digital Currency Address - XBT,3EPqGUw2q89pwPZ1UF8FJspE2AyojSTjdu
Digital Currency Address - XBT,3LhnVMcBq4gsR7aDaRr9XmUo17CuYBV4FN
Digital Currency Address - XBT,3F6bbvS1krsc1qR8FsbTDfYQyvkMm3QvmR
Digital Currency Address - XBT,3JHMz3mTna1gVCZSPp8NgRFiY7phkv5mA8
Digital Currency Address - XBT,32DaxSzUhLBHY2WGSWQYiBSHnRsfQZrrRp
Digital Currency Address - XBT,3MTRvM5QrYZHKo8gh5qKcrPK3RLjxcDCZE
Digital Currency Address - XBT,34pFGsSYbWEritXncW9unZtQQE9dKSvKku
Digital Currency Address - XBT,38ncxqt932N9CcfNfYuHGZgCyR85hDkWBW
Digital Currency Address - XBT,3F6bbvS1krsc1qR8FsbTDfYQyvkMm3QvmR
Digital Currency Address - XBT,3MD3riFB6U8PykypF6qkvSj8R2SGdUDPn3
Digital Currency Address - XBT,3JUwAS7seL3fh5hxWh9fu3HCiEzjuQLTfg
Digital Currency Address - XBT,3EUjqe9UpmyXCFd6jeu69hoTzndMRfxw9M
Digital Currency Address - XBT,3QEjBiPzw6WZUL4MYMmMU6DY1Y25aVbpQu
Digital Currency Address - XBT,3N3YSDvp4cbhEgNGabQxTN39kEzJmwG8Ah
Digital Currency Address - XBT,3J19qffPT6mxQUcV6k5yVURGZtdhpdGr4y
Digital Currency Address - XBT,33KKjn4exdBJQkTtdWxqpdVsWxrw3LareG
Digital Currency Address - XBT,3GSXNXzyCDoQ1Rhsc7F1jjjFe7DGcHHdcM
Digital Currency Address - XBT,3QJyT8nThEQakbfqgX86YjCK1Sp9hfNCUW
Digital Currency Address - XBT,35hh9dg3wSvUJz9vFk1FsezLE5Fx3Hudk2
Digital Currency Address - XBT,3NDzzVxiLBUs1WPvVGRfCYDTAD2Ua2PvW4
Digital Currency Address - XBT,3DCCgmyKozcZkFBzYb1A2x8abZCpAUTPPk
Digital Currency Address - XBT,3MvQ4gThF4mmuo49p4dBNchcmFHBRZnYfx
Digital Currency Address - XBT,3FBgeJdhiBe22UoSpp51Vd8dPHVa2A4wZX
Digital Currency Address - XBT,3HQDRyzwm82MFmLWtmyikDM9JQEtVT6vAp
Digital Currency Address - XBT,31t4nEpcwyQJT1VuXdAoQZTT5givRDPsNP
Digital Currency Address - XBT,39AALn7eTjdPzLb99hHhD6F7J8QWB3R2Rd
Digital Currency Address - XBT,3LDbNuDkKmLae5r3a5icPA5CQg2Y8F7ogW
Digital Currency Address - XBT,3JLyyLbwciWAC6re87D7mRknXakR4YbnUd
Digital Currency Address - XBT,3ANWhUnHujdwbw2jEuGSRH6bvFsD9BqEy9
Digital Currency Address - XBT,32fbAZMTaQxNd2fAue1PgsiPgWfcsHBQQt
Digital Currency Address - XBT,3HupEUfKmMhvhXqf8TMoPAyqDcRC1kpe65
Digital Currency Address - XBT,34kEYgpijvCmjvahRXXQEnBH76UGJVx2wg
Digital Currency Address - XBT,3GYbbYkvqvjF5oYhaKCgQYCvcVE1JENk6J
Digital Currency Address - XBT,3BazbaTP8ELJUEfPBV9z5HXEdgBziV9p7W
Digital Currency Address - XBT,3GMfGEDYMTq9G8dEHet1zLtUFJwYwSNa3Y
Digital Currency Address - XBT,38LjCapRrJEW7w2zwbyS15P9D9UGPjWS44
Digital Currency Address - XBT,36XqYWGvUQwBrYLRVuegN4pJJJSPWL1WEu
Digital Currency Address - XBT,37g6WgqedzZx6nx51tYgssNG8Hnknyj5nL
Digital Currency Address - XBT,3QAdoc1rDCt8dii1GVPJXvvK6CEJLzCRZw
Digital Currency Address - XBT,32PsiT8itBrEF84ebdaF82yBUEcz5Wc6uY
Digital Currency Address - XBT,3B4G1M8eF3cThbeMwhEWkKzczw9QoNTGak
Digital Currency Address - XBT,34ETiHfQWEYFCCaXmEeQWVmhFH5vz2JMvd
Digital Currency Address - XBT,3PyzSbFj3hbQQjTzDzyLSgvFVDjB7yw4Cj
Digital Currency Address - XBT,15PggTG7YhJKiE6B16vkKzA1YDTZipXEX4
Digital Currency Address - XBT,1H939dom7i4WDLCKyGbXUp3fs9CSTNRzgL
Digital Currency Address - XBT,bc1q3y5v2khlyvemcz042wl98dzflywr8ghglqws6s
Digital Currency Address - XBT,bc1qx3e2axj3wsfn0ndtvlwmkghmmgm4583nqg8ngk
Digital Currency Address - XBT,1H939dom7i4WDLCKyGbXUp3fs9CSTNRzgL
Digital Currency Address - XBT,bc1qsxf77cvwcd6jv6j8d8j3uhh4g0xqw4meswmwuc
Digital Currency Address - XBT,bc1q9lvynkfpaw330uhqmunzdz6gmafsvapv7y3zty
Digital Currency Address - XBT,bc1qpaly5nm7pfka9v92d6qvl4fc2l9xzee8a6ys3s
Digital Currency Address - ETH,0xc2a3829F459B3Edd87791c74cD45402BA0a20Be3
Digital Currency Address - USDT,TX5GV4DyfxNB3rPkzZJhmqZ1efVmL4rEqG
Digital Currency Address - XBT,bc1ql7dlyh8xz6tpqk92vztrhqh88dmjvcwrmsemrm
Digital Currency Address - XBT,bc1q2lpgjntr348pfvxhfy33ehmdzy3gmx8w4052z6
Digital Currency Address - ETH,0x3AD9dB589d201A710Ed237c829c7860Ba86510Fc
Digital Currency Address - XBT,1DbvK8P6imBuLcwh2Vruis4xsUb8YAwJQF
Digital Currency Address - XBT,1G6DuwDKNHiUWqks2Lgu44cesu7ffFbLK7
Digital Currency Address - XBT,3AQSmMk5n3c6TKEg9B2WyzYAPm33gJJAA4
Digital Currency Address - XBT,129zKFLoVad9JtxSmDKeJoLCsjhGR7b3vr
Digital Currency Address - XBT,12YyR9EpvHxBjjKjTWqfKqeyoWnvcraxpW
Digital Currency Address - XBT,1KctQENEX5QkQMpnMC3Zh9yRAzkMBLpPcr
Digital Currency Address - XBT,3HqA7i3ttECLvgqvq69HNxxUP5BL7Z5YgA
Digital Currency Address - XBT,1G9A8WRjGXdnYY4TNEVRrcaHsMtana4ncF
Digital Currency Address - XBT,1Js6goCey2NaqPQptiLANLQGuk4d6mowjP
Digital Currency Address - XBT,13RH4JaFhaCxDGPyYE9emjp2aDxdX18uBA
Digital Currency Address - XBT,1FE2cuvkq8n5VGwj5hi8YYQxskwJpovPyV
Digital Currency Address - XBT,1DJoEMvp95yJYWyxAZy8DDBzuvjnrTVrsN
Digital Currency Address - XBT,1N6XqSf3ULpNjko9LrJmHudRoLitjwkETN
Digital Currency Address - XBT,bc1qwa6zu6qhl6wqnlxp642vcf89nptsassle25ulf
Digital Currency Address - XBT,386wa1UM6nA798AWNh64jdrejZyedeXgUN
Digital Currency Address - XBT,15UdZbmGPa2LatD3abtGpphgkHLFWftV4R
Digital Currency Address - XBT,16tByCYzxuWiN8kF9FrK9jJy6eQYLVkQ1i
Digital Currency Address - XBT,1NpHuti9NSM9fVTXLkvSDU4AnhqGQ5N53d
Digital Currency Address - BCH,qpusmp64rajses77x95g9ah825mtyyv74smwwkxhx3
Digital Currency Address - ETH,0x83E5bC4Ffa856BB84Bb88581f5Dd62A433A25e0D
Digital Currency Address - ETH,0x08b2eFdcdB8822EfE5ad0Eae55517cf5DC544251
Digital Currency Address - ETH,0x04DBA1194ee10112fE6C3207C0687DEf0e78baCf
Digital Currency Address - ETH,0x0Ee5067b06776A89CcC7dC8Ee369984AD7Db5e06
Digital Currency Address - ETH,0x502371699497d08D5339c870851898D6D72521Dd
Digital Currency Address - ETH,0x5A14E72060c11313E38738009254a90968F58f51
Digital Currency Address - ETH,0xEFE301d259F525cA1ba74A7977b80D5b060B3ccA
Digital Currency Address - XBT,1LpYKb3SXZPve9hsH2QEJZFX279wJVGowi
Digital Currency Address - XBT,15uqdxqNXQwVf5H7yZPz4TmEGeSccCwdor
Digital Currency Address - XBT,1FjubFHV4mpYjBmvjsEhZssyiiA4TNmnm2
Digital Currency Address - XBT,1LAh7PQwpd1uGiLHae5C5Xz9QXse3y2phq
Digital Currency Address - XBT,15yqWQ4sqr7jzCwDtZ3U1KaCa8WMEy7Mm2
Digital Currency Address - XBT,19GrL5jnUkGmHXVcraB1Etv5rXCANeLWpq
Digital Currency Address - XBT,39NG2LcGRHXxSr1irpEVnJMw4ydL231sEn
Digital Currency Address - XBT,3He6EyDaCUgmdr4GXqhxbeTQukaGLCByU2
Digital Currency Address - XBT,12NpCkhddSNiDkD9rRYUCHsTT9ReMNiJjG
Digital Currency Address - XBT,32jgFkZsTEjMFaBvxJnYvJEeTNKTmq5b32
Digital Currency Address - XBT,1Hpj6qm9i7nMF3VkKfBFtjhEDpEjxHWvgv
Digital Currency Address - XBT,194xmrZA53UBsZau2PnJLdmVVW9m5feeS
Digital Currency Address - XBT,361NP7YcBPQ4KkLT3Y2QZeDEV4M3yi65Ar
Digital Currency Address - XBT,1LuDiMd95Df4i2bcvrfw47t2GKpLLXAQMZ
Digital Currency Address - XBT,3A1HH3PseYMkh2nSrBb4kkVt3815kUNVVC
Digital Currency Address - XBT,1F317n2eJEMaEMGiwCqtd5XCU3wF7jzPEW
Digital Currency Address - XBT,3HWjh69cVQvcPeLWVCyVmXEq72nyDSj5zP
Digital Currency Address - XBT,1r6S9vpUZPS5rb6gSdwV2bvSFcN3uSq4q
Digital Currency Address - XBT,3Jpf9B5P8cvEKSSGp9cES3Upbms8VRnXUb
Digital Currency Address - XBT,3EL5vcYeu1cnivLtR7tnAX3bBirr9ATNAL
Digital Currency Address - XBT,1LBQd4ZxtQYYsDWrCzK4uMxHBJVxmyzs3M
Digital Currency Address - XBT,1LQV6yUBcfTjAWvFu3XPhdTgjqihss7i1z
Digital Currency Address - XBT,1MiQRekg4BatJ12qbiSGnNakLLd8xbLMCG
Digital Currency Address - XBT,12mNKr2YP4M3CEQvCvVqZsvxuCG47LHMu1
Digital Currency Address - XBT,1J6cgUVEZRKyJhpXJgHWX7YmzkdnHRaLhF
Digital Currency Address - XBT,3PUmTuVAW3LkKg53FZ7F97VDBitW4ugwnM
Digital Currency Address - XBT,3H4qaWi5DS6FMwyZrG9xRRud3Qc5dUVn2U
Digital Currency Address - XBT,13ViCDZyJxxv5cZzpDDsE7aDQ3Y552zpAH
Digital Currency Address - XBT,1Juv2Ks3jJFUes8jEGxwgt6T6csBRQmmRw
Digital Currency Address - XBT,35vypiSvQsxRiT3YZzGRGVaduUSx67ysZb
Digital Currency Address - XBT,3LLUnf3ezw6mCbQ2zCZmGu5rZULzkhxQi7
Digital Currency Address - XBT,3QrukkUiBrn23rFUKUgasNd1wYWNk7WdSV
Digital Currency Address - XBT,3B3vmabBbeDRnVrjvvq3hm85zVB4v5bWFC
Digital Currency Address - XBT,31nadacWrgPeAQxKRMabhn3fPhnhi3hjKa
Digital Currency Address - XBT,343w3Xh64q5UpgpvAPqmsUzxrknde8PQHb
Digital Currency Address - XBT,1C7RpJNE19HgefzWVCSaUqRTHAwGAFkbYV
Digital Currency Address - ETH,0xd0975b32cea532eadddfc9c60481976e39db3472
Digital Currency Address - ETH,0x1967d8af5bd86a497fb3dd7899a020e47560daaf
Digital Currency Address - BCH,qqyuc9s700plhzr6awzru7g5z2d2p906uyrm6ht0r0
Digital Currency Address - BCH,qz9f2vz3033sg5vc5mf7m7xshmj0jugy4ummf05jk8
Digital Currency Address - ETH,0x39D908dac893CBCB53Cc86e0ECc369aA4DeF1A29
Digital Currency Address - XBT,bc1qfg4gfg0y6t6xjnpmlhuwx5k0wlw6nmfzxn2psc
Digital Currency Address - XBT,3PKiHs4GY4rFg8dpppNVPXGPqMX6K2cBML
Digital Currency Address - XBT,1986rYHckYbJpGQJy6ornuMyD2N5MTqwDt
Digital Currency Address - XBT,125W5ek3DT6Zqy5S2iPt4FHQdNMCbZA3FU
Digital Currency Address - XBT,1Kc6egXevyLEaeTxLFA1Zyw7GuhCN8jQtt
Digital Currency Address - XBT,12w6v1qAaBc4W8h8C2Cu5SKFaKDSv3erUW
Digital Currency Address - XBT,1CPJak9ZyddbawMGJPyEhCiJLXXb4sYv8N
Digital Currency Address - XBT,1DJoVLgn1foJHHngduRPJvRbwpaFEKxvxd
Digital Currency Address - XBT,15kZobLkD6HZgEECtz4oS2Vz21XHTnNfSg
Digital Currency Address - XBT,15qyVrZvvVGvB7GWiAZ82TNcZ6QWMKu3kx
Digital Currency Address - XBT,12YCfVAEzkEZXBYhUTyJJaRkgMXiFxJgcu
Digital Currency Address - XBT,1MkCnCa9agS5t6V1B15bzusBgYECB4LfWp
Digital Currency Address - XBT,1NuBZQXJPyYQGfoBib8wWBDpZmbtkJa5Ba
Digital Currency Address - XBT,14rjAD8ZP5xaL571cMRE98qgxxbg1S8mAN
Digital Currency Address - XBT,18yWCu6agTxYqAerMxiz9sgHrK3ViezzGa
Digital Currency Address - XBT,12jVCWW1ZhTLA5yVnroEJswqKwsfiZKsax
Digital Currency Address - XBT,1J378PbmTKn2sEw6NBrSWVfjZLBZW3DZem
Digital Currency Address - XBT,18aqbRhHupgvC9K8qEqD78phmTQQWs7B5d
Digital Currency Address - XBT,16ti2EXaae5izfkUZ1Zc59HMcsdnHpP5QJ
Digital Currency Address - ETH,0x4f47bc496083c727c5fbe3ce9cdf2b0f6496270c
Digital Currency Address - ARB,0x4f47bc496083c727c5fbe3ce9cdf2b0f6496270c
Digital Currency Address - BSC,0x4f47bc496083c727c5fbe3ce9cdf2b0f6496270c
Digital Currency Address - TRX,TGXE9dGWawjfd3xqFSho1h1bRbRv9wUGrF
Digital Currency Address - TRX,TPDLpXxPcaSsupEZ3yrVksmNkYP5SLeKxu
Digital Currency Address - TRX,TNTFhgFoKH4srBMiWbfrVFqP2AThSmdwf1
Digital Currency Address - TRX,TXhf9nU9bjo1j9z5qEesHdr6gtdndfnA4T
Digital Currency Address - TRX,TK17wfSPp32RWrnzZPrGpv7TxdNFvvvE2s
Digital Currency Address - TRX,TYeQD2VddTZ9NkFkAnT9DD8cUGetGUQZB2
Digital Currency Address - ETH,0xd04E33461FEA8302c5E1e13895b60cEe8AEfda7F
Digital Currency Address - ETH,0x76EA76CA4Eb727f18956aB93445a94c5280412B9
Digital Currency Address - ETH,0xFb3eFf152ea55D1BfA04Dbdd509A80fD7b72cdEB
Digital Currency Address - ETH,0xFda1Ec4A6178d4916b001a065422D31EBE5F62FF
Digital Currency Address - ETH,0x747AFB5c7A7fc34B547cD0FDEbf9b91759C5a52b
Digital Currency Address - USDT,0x38735f03b30FbC022DdD06ABED01F0Ca823C6a94
Digital Currency Address - XBT,1D6gG9iKEhPitTcWRJiniuj1jYM2hNeAfJ
Digital Currency Address - ETH,0x97b1043abd9e6fc31681635166d430a458d14f9c
Digital Currency Address - ETH,0xb6f5ec1a0a9cd1526536d3f0426c429529471f40
Digital Currency Address - USDT,0xb6f5ec1a0a9cd1526536d3f0426c429529471f40
Digital Currency Address - USDC,0xb6f5ec1a0a9cd1526536d3f0426c429529471f40
Digital Currency Address - XBT,1FCNgfZWpYMeYhy9t18AAkTBu8AsdoAc1Z
Digital Currency Address - XBT,bc1q4namcagg5wljs0u20z6h2sqgsq4q5lts8rt2rr
Digital Currency Address - XBT,bc1qdpazd6smrkq5hmw6lupq98za2fqtgmq3azv3av
Digital Currency Address - XBT,bc1qwz0l2ceddckwdy5rh6zyrm3x4ha6gn5f2da5zg
Digital Currency Address - XBT,bc1qw8evftpgc8wsmkemd8yl5fg2husza5z802xaym
Digital Currency Address - XBT,bc1qv4krhj2qmpd9qz9xj9nhvj99fq8s9xsw05d485
Digital Currency Address - XBT,bc1qu5vngdtcx8nc9d68pq8nv7pzcjrswsy87s66gk
Digital Currency Address - XBT,bc1qtsl3ufenrv3zgrgm9z8xarcx22x8mfztuartyn
Digital Currency Address - XBT,bc1qtrrfhr0f3ufsrjxfv8a7p3yuqj0spe4cm6vaws
Digital Currency Address - XBT,bc1qte9ret332gwrk6e7vqc87d807npzvdj5savg4h
Digital Currency Address - XBT,bc1qtdupwe722vcc5e0vh94cgwfs0ep4gzwyfsf75q
Digital Currency Address - XBT,bc1qnykkrlk67f9kdqvzyw2ndu3xmef5z2e52886yl
Digital Currency Address - XBT,bc1qllmlvy5u038yvwywu803p53g8udcm8w7k4qxu9
Digital Currency Address - XBT,bc1qlfpg2xn39u580cmwq6rymt8jdhcmj8520jhgh0
Digital Currency Address - XBT,bc1ql7rnd70aejdxt3f9fzdlfazjlc9hvdmut8ad8s
Digital Currency Address - XBT,bc1ql526s72gycmvq7hek6j3tuwwmcpv4rgs0auxu7
Digital Currency Address - XBT,bc1qh3lw22uqwrywr8lpun20q2ma528a4yqmgf3uqp
Digital Currency Address - XBT,bc1qgffxa65gr579tsz55n87pal2a777ygzg69d2yz
Digital Currency Address - XBT,bc1qedvcgh32dud85yt7fu6s7qavthlh38gtwa7rhx
Digital Currency Address - XBT,bc1qau9pmgc8l6rxpdwwap3fd6zprh5yp9mpe9jl0h
Digital Currency Address - XBT,bc1qakycg2zp8hydg95lc9cheumpa9yfpdeyrqqh5f
Digital Currency Address - XBT,bc1q9ua9ypl4dhj0zut5kzasj5c2kxclhh8v2k9djd
Digital Currency Address - XBT,bc1q8q7z3kt37z6jalv5ujung5lem6pzlk9r3kt66k
Digital Currency Address - XBT,bc1q8pw85s83mdx2f3rfu64mmfd9wexqu2y856arwp
Digital Currency Address - XBT,bc1q7xfqqw9htr88t7vafg80p4qrlpjfyaps452x5g
Digital Currency Address - XBT,bc1q7hhdygx05kyfyzjku2u7lywvx5pgyng6a0nefp
Digital Currency Address - XBT,bc1q6w463k7mhsgguwgqtcratm4vm42rncwhvvkeck
Digital Currency Address - XBT,bc1q68uswkjvu7nj7mhrvfzkx7cm6u5s9puvpm5dc2
Digital Currency Address - XBT,bc1q5zd0cwzd09k9r8xfk68sn5ytqp8f5aae80yfsm
Digital Currency Address - XBT,bc1q49ax787wv0mnn8wjgp3sx772qz7eun822rkv5k
Digital Currency Address - XBT,bc1q3ael5my37nklgnqcrkwmnndfx9qdnp67j0739c
Digital Currency Address - XBT,bc1q362njxy39gnwrvj7zytn84ax39fwnhvk7n2999
Digital Currency Address - XBT,bc1q2jys00x2rgdkm3xnewuucqacytu0a7echupu8y
Digital Currency Address - XBT,bc1q05aktddf9ce4p7hh3stgsf253m4vweu7nkhtmw
Digital Currency Address - XBT,bc1qtywfzxx6snut2mdrum8dyr5nnd5qhqd29wmvqt
Digital Currency Address - XBT,bc1qrc2gchg2fmxua5u7twu4luv5p9twmny4jjmg9x
Digital Currency Address - XBT,bc1q9ws2gcq7uumm4mk3l9xezwve7w5tmcs5js5cup
Digital Currency Address - XBT,bc1qh33xtpjqhgysq5xlmjzkm28uewj08885n95drr
Digital Currency Address - XBT,bc1qe8wclszdtshkjk7gph57crc72vpp9rylujgwa5
Digital Currency Address - XBT,bc1q2q8uxjznmurg363dvd98xjg54mrr7z6mw9t825
Digital Currency Address - XBT,bc1qhvzl5w99m458nm7sc6hwf5qfhxndw28sgtatk8
Digital Currency Address - XBT,bc1qavwamr74qlzj8txy6jaxqnpym9062h090x6kz4
Digital Currency Address - XBT,bc1qe9lz50jq0a5pmtry0h3ekng3kjdg09vejg7355
Digital Currency Address - XBT,bc1qup656lpfqfckhl580kwf62thmn5azmj2pal0sz
Digital Currency Address - XBT,bc1qa2xr7dmz5lztplp9yfp7k382nf4ma8gwrl7zgg
Digital Currency Address - XBT,bc1qrskwdw9unhlkt87ltcqq2d5pn9s6w2f35gz3z6
Digital Currency Address - XBT,1NaRX1GZgtZ7E8iXo8YUdTtnb8rAK5QFJa
Digital Currency Address - ETH,0xe1d865c3d669dcc8c57c8d023140cb204e672ee4
Digital Currency Address - LTC,LNf2JDiuunBz7GMDKFYHN4rq5meXWxiwfb
Digital Currency Address - TRX,TBHTJqAy4DhHhmT3dNceJYNRz4SdLofLre
Digital Currency Address - ETH,0x9c2bc757b66f24d60f016b6237f8cdd414a879fa
Digital Currency Address - XBT,bc1qq7p0es3dv5hcynjjf40f2xjjr6qp5py47d2f6n847vduuq9gvnyq7y9ecd
Digital Currency Address - XBT,1JHdQHkBZiim1cb4hyUh2PbzEbbg6z2TrF
Digital Currency Address - USDT,TVacWx7F5wgMgn49L5frDf9KLgdYy8nPHL
Digital Currency Address - ETH,0xdcbEfFBECcE100cCE9E4b153C4e15cB885643193
Digital Currency Address - ETH,0x5f48c2a71b2cc96e3f0ccae4e39318ff0dc375b2
Digital Currency Address - ETH,0x5a7a51bfb49f190e5a6060a5bc6052ac14a3b59f
Digital Currency Address - ETH,0xed6e0a7e4ac94d976eebfb82ccf777a3c6bad921
Digital Currency Address - ETH,0x797d7ae72ebddcdea2a346c1834e04d1f8df102b
Digital Currency Address - ETH,0x931546D9e66836AbF687d2bc64B30407bAc8C568
Digital Currency Address - ETH,0x43fa21d92141BA9db43052492E0DeEE5aa5f0A93
Digital Currency Address - ETH,0x6be0ae71e6c41f2f9d0d1a3b8d0f75e6f6a0b46e
Digital Currency Address - XBT,1Ljk8RNNabkZ9bfDYQBn98XfFozJhTjqcZ
Digital Currency Address - XBT,3685sEusmTwZBiKJ4cgV73EAhpVD1nbgbe
Digital Currency Address - XBT,39p8qWp1bkBNhi4vPpFTetKPtH7goqNDZf
Digital Currency Address - USDT,TEFph7dZoUN5233cGEzF6XFwRpjPF8fQDS
Digital Currency Address - USDT,TMGLqRQ4twjW8wJhVH1mQR7nUThpGHUsN3
Digital Currency Address - XBT,3B7S6zrgxQVQUHTU8wstM23tB9afE7ojuX
Digital Currency Address - ETH,0x530a64c0ce595026a4a556b703644228179e2d57
Digital Currency Address - USDT,TEAqwfMhXLaomXhZ8KeMhx3njGmQEDnsUR
Digital Currency Address - XBT,bc1qardcxz845jw83vgfvcmewhuxa0ag9gchjwmcfd
Digital Currency Address - ETH,0x983a81ca6FB1e441266D2FbcB7D8E530AC2E05A2
Digital Currency Address - USDT,0x983a81ca6FB1e441266D2FbcB7D8E530AC2E05A2
Digital Currency Address - USDC,0x983a81ca6FB1e441266D2FbcB7D8E530AC2E05A2
Digital Currency Address - XBT,3NNcbBcMZokPB2JC2dxYuZrpgcetvyGeJn
Digital Currency Address - TRX,TMStbg5fgb4uTV7fK1gEYF9hKAzP3siPsG
Digital Currency Address - XBT,38TftW1heYPqvKbiAhT4ttNBqkUPpooXad
Digital Currency Address - XBT,bc1qkfqh5p2qsakseg5gnwen6zh5xf3elmku2xaup29mw3l0wnncy3es880dss
Digital Currency Address - TRX,TTKnV2S1295UrPr7N67Tp9ykNL7xX2Z4Uj
Digital Currency Address - XBT,3NU9zkD8CCVGVmYnNNSN7PbU9sSFQBm5UV
Digital Currency Address - TRX,TRBACioxdrdsYEZHvJWiUDZcMdBPpEe5Ub
Digital Currency Address - ETH,0x961c5be54a2ffc17cf4cb021d863c42dacd47fc1
Digital Currency Address - XBT,1MLPqwaFFUBZePTjpR3nxRoK19Cv9mPCc7
Digital Currency Address - XBT,3HePkztPU6UsdENxnyQHFrdZA6eVKeMtvz
Digital Currency Address - XBT,TUCsTq7TofTCJRRoHk6RvhMoS2mJLm5Yzq
Digital Currency Address - USDT,0xfac583c0cf07ea434052c49115a4682172ab6b4f
Digital Currency Address - XBT,19D1iGzDr7FyAdiy3ZZdxMd6ttHj1kj6WW
Digital Currency Address - ETH,0xE950DC316b836e4EeFb8308bf32Bf7C72a1358FF
Digital Currency Address - ETH,0x21B8d56BDA776bbE68655A16895afd96F5534feD
Digital Currency Address - XBT,3Q8H2ZWMtc4R1M3mkmhnTjCoYKTeCFigDP
Digital Currency Address - USDT,TTgcTTNbNuFdbrhvbjMZVrdU5KALyzDaPw
Digital Currency Address - USDT,TGJVc32ig2u8tQsYMLE7KXHT5NDQroaVNU
Digital Currency Address - USDT,TXEsK1sEsKjZ1xtHitnyAAoqw3WLdYdRNW
Digital Currency Address - USDT,TH96tFMn8KGiYSLiwcV3E2UiaJc8jmcbz3
Digital Currency Address - USDT,0x175d44451403Edf28469dF03A9280c1197ADb92c
Digital Currency Address - USDT,TC4VsFHJdZ66BdwobZxkudVZBVmQZgCP65
Digital Currency Address - USDT,TQ5mpZPbQMSq2s1vSM3RJgiB1AsTsiTpFZ
Digital Currency Address - USDT,TXEaKf4rT3rMoD3Vuqnuhwr6vLq6BL5t33
Digital Currency Address - USDT,TGUPpmW2bAnMCLe5ih2CFisfCHk4gTFDsx
Digital Currency Address - USDT,TDwN1Eq62bqvVhfGAjdRRJjE46jsi5KNMV
Digital Currency Address - USDT,TM6Kix9wH8cYQ4rLpFifsQ4ddH3rPX3f8p
Digital Currency Address - USDT,TDprk9jeYPVm6khkBp1u7fwuyJcEJFrPWD
Digital Currency Address - USDT,TVn4q7L4fKEPbygi7UHq1CKfZxtbeuMV5q
Digital Currency Address - XBT,18gaXypKj9M23S2zT9qZfL9iPbLFM372Q5
Digital Currency Address - XBT,bc1q5jqgm7nvrhaw2rh2vk0dk8e4gg5g373g0vz07r
Digital Currency Address - XBT,32pTjxTNi7snk8sodrgfmdKao3DEn1nVJM
Digital Currency Address - XBT,15cRqR3TXS1JehBGWERuxFE8NhWZzfoeeU
Digital Currency Address - XBT,1A7SKE2dQtezLktCY8peLsdAtkqxV9r1dC
Digital Currency Address - XBT,bc1q8ew45w2agdffrnwp6adt2gqrc9n4mkev9ns29c
Digital Currency Address - XBT,bc1qagp0gy58v8hqvw4p2wsphcxg067rrppp45hexr
Digital Currency Address - XBT,bc1qn6segn8km4nfdp9vueu6msfjsaxaqgun9h60n9
Digital Currency Address - ETH,0xf3701f445b6bdafedbca97d1e477357839e4120d
Digital Currency Address - XBT,bc1qx9upga7f09tsetqf78wa3qrmcjar58mkwz6ng6
Digital Currency Address - USDT,TWBAPzpPiZarfVsY2BLXeaLhNHurn4wkWG
Digital Currency Address - ETH,0x19F8f2B0915Daa12a3f5C9CF01dF9E24D53794F7
Digital Currency Address - TRX,TFdTr9C3BqQrzKBXqSxJfAZFTh8UwBAfSg
Digital Currency Address - XBT,13fhnkmpBBWXUQucJd6efWvXdEj78DKavk
Digital Currency Address - XBT,bc1qvhnfknw852ephxyc5hm4q520zmvf9maphetc9z
Digital Currency Address - USDT,TLM3zA3EWycoDX4ZX4gKze7sgfbdkntTum
Digital Currency Address - XBT,13JtX4h7G5ZuNK5mFudKGq9DHLvvMFuNuz
Digital Currency Address - TRX,TTUDyVhhpCC1xJoPmWzdjLAzeoPwbSABdr
Digital Currency Address - ETH,0x0931cA4D13BB4ba75D9B7132AB690265D749a5E7
Digital Currency Address - LTC,M8yFL6SFC6TreATegTyuSYkDfDRbisdpT3
Digital Currency Address - XBT,3NEcQKZ8RwL2eDNhmMPpZ4td9vPsQh9JwM
Digital Currency Address - ETH,0x1999ef52700c34de7ec2b68a28aafb37db0c5ade
Digital Currency Address - USDT,TDdbRFoBTEmE3qiR69Y6rKRSG1hoF65QaE
Digital Currency Address - XBT,1M5N4sJ1NHb4fviLVZA5MZLKhLZqU4CPZz
Digital Currency Address - XBT,1Gekw8ACSs37oXcc5XQHvoux3iKoVFtpF4
Digital Currency Address - XBT,bc1q4yzd2rjmshm8ucrwy6dzj5rna20j0zlf8hf8vz
Digital Currency Address - XBT,3FfRvC3kSo2SxiQe5e7SSuNdegwgq8iusL
Digital Currency Address - XBT,bc1q3q2lz3cmt4u2f49ugxz5q34xrs0m2z4w2gmkp5
Digital Currency Address - XBT,bc1qj2ffj6pepc80sfqpx2k2pd3q278q72dpqv2ens
Digital Currency Address - XBT,bc1qjwr3rgww7a8ut7a4x8jqh3vswcue3xvp6dm7qe
Digital Currency Address - XBT,bc1qvxlwpgcw260sc97a0u6dm0cjxv027clhd67fvx
Digital Currency Address - XBT,bc1qwtswqzvaxl6lyw3keqqzwt8z937psta3wg9sjy
Digital Currency Address - XBT,bc1qyqvyupkpl6tm60zdecef925y220ssjuagpxsm0
Digital Currency Address - XBT,bc1q45cxufu7x6s5v9adzm9t38k80gwawse75xffwe
Digital Currency Address - XBT,bc1qmzmx8res2fgzd2wttyvf2ajqqqtcnxxrgkqc2t
Digital Currency Address - XBT,bc1qtnr3t28ltzgsuvr9j6ruqaat6fz773mm8wr02l
Digital Currency Address - XBT,bc1q6rzzf4erht8v7kgh5mfnwcrvzxchxt5glpsuls
Digital Currency Address - XBT,bc1qr4fd3glpnthkefcylhnxk4gp47jsd0523ue7qj
Digital Currency Address - XBT,bc1q2c3vwu7wxq308lsun24rjlsh6ff0x8whx55v4q
Digital Currency Address - XBT,bc1qwyye7frjufeth0pecvaf3hz67lakt028dezv3p
Digital Currency Address - XBT,bc1qhsp4kffl5pmsae43st9jufagu6uy7lsa6mslla
Digital Currency Address - XBT,bc1qlhh94040d8nxkstf4l7720q72f2vntxxl96m4d
Digital Currency Address - XBT,bc1qdzgee6h4zjwvn8lyzjxgd467zxnshelqkudh7z
Digital Currency Address - XBT,bc1q97eg4k2juepa3smpac4pnfjsnyws696c290cxq
Digital Currency Address - XBT,bc1qu3e9sq8cem759umc3pywlsly3rr2qvjlxfnn9l
Digital Currency Address - XBT,bc1qa4jp7udkn2ycecz8289jfs3vpnqdwf4483d3qe
Digital Currency Address - XBT,bc1qxp3sxw4q2rw3u9pd2k7udhp4eagc77jqcezv4q
Digital Currency Address - XBT,bc1q7d46dvuv56kn4mm0jz3yep6xj74kxcpydt5te4
Digital Currency Address - XBT,bc1qetqqlgvlnzdh4eshz9q6twlpdtmvy5rfkn3lza
Digital Currency Address - XBT,bc1qtrh9z4ls2s2mflyhc5y0mtxt0y30n87c97z4qp
Digital Currency Address - XBT,bc1qr2tgu4almsw9ajqfwz93qw0xc8w2g72xpyzqvn
Digital Currency Address - XBT,bc1qzqqdvukupr0qr5uckn2zjn40mkflnxu8fuuqdp
Digital Currency Address - XBT,bc1q6yz2q723helcd7rz7xltw5nu77vn649zczklc3
Digital Currency Address - XBT,bc1qfpdycqpkl5hvxg4feuk3nhde5h8t2zd89svsg9
Digital Currency Address - XBT,bc1qhe6zy9x6ar42zkec3lhkms5m7hh3svtc88qhf6
Digital Currency Address - XBT,bc1qptrvdk8uv8shd734tyhyzatrvmlq9l0v6r0dc2
Digital Currency Address - XBT,bc1qcp6fr7gtyukympl6unr7uv78h3vprycwj455zx
Digital Currency Address - XBT,bc1q8p5r6wdx7leuekulnlglapy2wlwxgukpe76mys
Digital Currency Address - XBT,bc1q7qsruzjsed9sy6taqz2m5rvljsmleg2xl7dz5r
Digital Currency Address - XBT,bc1q3tan207evu5skk2wj80ycyw242g0kdnn3hs3x0
Digital Currency Address - XBT,bc1q4sqmmyv63g6ma5cmswzap3d8k995h0str69v3t
Digital Currency Address - XBT,bc1qec85gd576z0phflq2jm8jxlh22tckqj3yru7xs
Digital Currency Address - XBT,bc1q4qjvgw475a39d8cpcyv5keq39jlmlrq870sn30
Digital Currency Address - XBT,bc1qmwznjzlhrj3fney3elxkwdpwa72u7eq0ge76dt
Digital Currency Address - XBT,bc1qzcg8y0utezp7zkp2cmqppd3x80l4gpqzew25wy
Digital Currency Address - XBT,bc1qdd2mumk4rxnygxyn5qhrq6pah6yjmnl3s9mef5
Digital Currency Address - XBT,bc1qcjh0phl2yy3rxcztfthz9psuvk8trv2qe06p0k
Digital Currency Address - XBT,3FgaJMgxCfU3qqQ3Yiqv3Xw8rmLDDkByeo
Digital Currency Address - XBT,3EQoMXw6Xi8zNzY8tLfJbkWjV5EXsQP4Es
Digital Currency Address - XBT,37KHumAdzFcg1fXMv36UGg91MHPqhJUv19
Digital Currency Address - XBT,3GBGnqDqdiskCmfq2Rchk1LcBoSo4P3DZQ
Digital Currency Address - XMR,88wRZuGMuC5YQvXpKpeLFHQeZWW28XtGyZCizkqeypTaRcjzNNKVrCg7PpoEeWaj5A7wwbh5M2X9ycXrfUkbeptACsG4bVn
Digital Currency Address - XMR,8ANG5NBnApL94YAKRfCSaS7g2fjEi1DWVcFNTn3wQ5HpfsgtnusgxaXE24bbhXukTgF8esRnMsWaReRiqNbSBSbmRE5Nm5M
Digital Currency Address - XMR,84AwzjeFWXNEuhj8LWinXo93AqYr6wS8ZcnaBCoGhrL7EtvBMBovdhiUSV9xLhjrPA8t64hYSaMc8bHtWXoV9129EHUjU62
Digital Currency Address - XMR,87XWTP9tBECHXCwbyMK1KENoy4GeXkRviNzmhNc5Pvo5ExZ1QXjtRRyFeXPuHf7fNiS7KzBZNJeGweJhMbFB647171y66id
Digital Currency Address - XMR,86ze8c9oUftDSTxzFBhfSJYpjvw6GYkqjeEaggy3hBVL1ou2tk79DfSj5YiZ3wjDHp541tizcQ8bVCxCtVHQncuc3asa8wz
Digital Currency Address - ETH,0xd5ED34b52AC4ab84d8FA8A231a3218bbF01Ed510
Digital Currency Address - TRX,TNmRfnSUXZoWWzxcDDbf95eGQYXt1mJDt8
Digital Currency Address - XBT,18dLDAWi8LmrHbEq3QzDJb9SLxCf4uimXB
Digital Currency Address - TRX,TU4tDFRvcKhAZ1jdihojmBWZqvJhQCnJ4F
Digital Currency Address - TRX,TL1k1U6SHohxBqb68kCodxHc9y2LXoDSep
Digital Currency Address - TRX,TNZxGWCwvsHr6JxQxzoeDXV597Yf7Zb7nV
Digital Currency Address - TRX,TC8axQvzJEVR3NKN6mZnJtGy7537GEmh38
Digital Currency Address - TRX,TEcuHDQthTmULe8fFLUccBPpjfXaTmJuuD
Digital Currency Address - TRX,TAYhjpL8pPs8T84FSM329nffQpc6jD8GBM
Digital Currency Address - TRX,TMuCgBejD5RsNANZdjGtaM3YyKGNgDoy7N
Digital Currency Address - TRX,TGckaiamj5NzaYx6Qp6Zu7kahuHArzUo99
Digital Currency Address - ETH,0x12de548F79a50D2bd05481C8515C1eF5183666a9
Digital Currency Address - TRX,TCFD8N3vM5b4Gr5f1kkajQsodRVNyyAq1d
Digital Currency Address - XBT,1HmqvgSXUVES1jn4TQPzk9dxo1NE8wim2T
Digital Currency Address - TRX,TDFtJtyLPgN3oWUoHh23oJox3T5V5nR11K
Digital Currency Address - TRX,TSxAAo67VTDgKT537EVXxdogkJtk9c6ojz
Digital Currency Address - ETH,0xdb2720ebad55399117ddb4c4a4afd9a4ccada8fe
Digital Currency Address - TRX,TYDUutYN4YLKUPeT7TG27Yyqw6kNVLq9QZ
Digital Currency Address - TRX,TRakpsE1mZjCUMNPyozR4BW2ZtJsF7ZWFN
Digital Currency Address - ETH,0xe3d35f68383732649669aa990832e017340dbca5
Digital Currency Address - ETH,0x532b77b33a040587e9fd1800088225f99b8b0e8a
Digital Currency Address - TRX,TQ5H49Wz3K57zNHmuXVp6uLzFwitxviABs
Digital Currency Address - XBT,bc1qeth6n6ryxexvkx34wnx3nuynun4474h3j0gkhw
Digital Currency Address - XBT,bc1q2we5eqjj8je6lz9xwjattpc3pn4jejc5h0s70f
Digital Currency Address - XBT,bc1qnujzvts45qka3cr2eqqw8ur3q6g6s0ze2wlk5m
Digital Currency Address - XBT,bc1qw4fxztd5u3sl7vrcqwk2a8v5zh5dllvckx3tlt
Digital Currency Address - XBT,3EynPFpoGTPxU9m5bPaEDEUxUanzh7vgQP
Digital Currency Address - XBT,3FoD1f6Tfnq3s8MYHgJqFPWv9cUrtUdBSv
Digital Currency Address - XBT,3MKXKqPXf6VxTLkVSXuDKzaTiZZaz5AmiK
Digital Currency Address - XBT,386sPhHBbLidzPnoxUH74jiiYkHYtobefQ
Digital Currency Address - XBT,35irs2AU6pVgenYbWvMRz22avDBLC9XMkd
Digital Currency Address - XBT,36ia8qAE1k1PKQePdXENCm1YKLXxZyVnnc
Digital Currency Address - XBT,374RguZDMNW5Zh5ouW3KhKDcrerKusmsuk
Digital Currency Address - XBT,3CuqLrZWn5oCe6DRScdRwiFv8txcahrsG3
Digital Currency Address - XBT,3MNWiGeoKAhtTrbJuUXpvSRYJSNvmyJSWE
Digital Currency Address - XBT,39HJB4x6W5QuKFEuV1tfcfNveLRJTzcC12
Digital Currency Address - XBT,3L1PSCgfPKJAfQCZcoKfbvWf1fBmWM1Bbs
Digital Currency Address - XBT,3D44E2Z3PcLa868GeBNiP5E2GPTfVLULUJ
Digital Currency Address - XBT,bc1qnq3pzsw3elkecrw8pqrz70r7zuse6cwyxa6dhc
Digital Currency Address - XBT,bc1qeaxuj8vamvnxqveleaqgmae33x904xuzj836p3
Digital Currency Address - XBT,bc1q66y45cq78ke25kz7rpe94l84avt7zetglzeeqg
Digital Currency Address - XBT,bc1qu8mcqffx3jpdwnap88h85u5l5l0xq97438tz2x
Digital Currency Address - XBT,bc1qw75cxmxz4e2v265mue9wmqgq2m0qdyr25l2ufl
Digital Currency Address - XBT,bc1q7des766x6c0zkycz6dz6rfv066n3fcg4kggtrt
Digital Currency Address - XBT,bc1qlwtksgusw8pp3k3a39mkmwvswujhhgn0ulp3uj
Digital Currency Address - XBT,bc1qu4p4eynzu8vwwcv0yxq74gth00exjyech05uf0
Digital Currency Address - XBT,bc1qw0pswznckx7s6tjmd2f5hrx4q6kc5nyrdxku50
Digital Currency Address - XBT,bc1q9kja7t2zxz0ze4lcgxf0l07pygpc69ws528lj9
Digital Currency Address - XBT,bc1qea942uw640l7nvtf3vplv6jd6wvuy06c58cd4k
Digital Currency Address - XBT,bc1q6qze6uj6jncgnva4eghxn3tr4pm2frh77ad3k9
Digital Currency Address - XBT,bc1qcx8vxxrld2s7qvz64qp75s3508rkzaxj65l60q
Digital Currency Address - TRX,TAoLw5yD5XUoHWeBZRSZ1ExK9HMv2CiPvP
Digital Currency Address - TRX,TVNyvx2astt2AB1Us67ENjfMZeEXZeiuu6
Digital Currency Address - TRX,TPJ1JNX98MJpHueBJeF5SVSg85z8mYg1P1
Digital Currency Address - TRX,TCu5onCzXuqxjvVzdB2tR4FLuF66d4yRqf
Digital Currency Address - TRX,TBcLqqqyZjNj1ptuXFgj5H768NhNU5nDyn
Digital Currency Address - XBT,37fKFZQGMqdBkjSUub1jCDWGgSHwv9VxfZ
Digital Currency Address - XBT,1JPqJ8sxLBvdHBqMqSFBmUkoh2vAuCUNvs
Digital Currency Address - ETH,0x5d5b5dafecbf31bdb08bfd3edad4f2694372d0ef
Digital Currency Address - ETH,0xc103b7dc095c904b92081eef0c1640081ec01c10
Digital Currency Address - ETH,0xe1e4c5e5ed8f03ae61b581e2def126025f2b9401
Digital Currency Address - SOL,42RLPACwZPx3vYYmxSueqsogfynBDqXK298EDsNoyoHi
Digital Currency Address - TRX,TCA9vmjsYw9MtPKEwRBtGhKFRfr4CLxJAv
Digital Currency Address - TRX,TGsNFrgWfbGN2gX25Wcf8oTejtxtQkvmEx
Digital Currency Address - TRX,TASWbk6X1wiTku5TMmMQYqYFvshVEtfJy8
Digital Currency Address - TRX,TTS9o5KkpGgH8cK9LofLmMAPYb5zfQvSNa
Digital Currency Address - TRX,TCzq6m2zxnQkrZrf8cqYcK6bbXQYAfWYKC
Digital Currency Address - TRX,TLvuvpfBKdxddxSsJefeiGCe9eVY8HUroE
Digital Currency Address - TRX,TNuA5CQ6LB4jTHoNrjEyyeQZJmcmhQuHMbQ7
Digital Currency Address - ETH,0xb637f84b66876ebf609c2a4208905f9ddac9d075
Digital Currency Address - ETH,0x95584C303FCd48AF5c6B9873015f2AD0ca84EaE3
Digital Currency Address - XBT,bc1qyy5pt5cx3zth8xlj92lq5y87dh8xv3nwgs4ncq
Digital Currency Address - TRX,TNrX2FwrHKoo4XACGkmSzqeK4pdnKYn6Z7
Digital Currency Address - ETH,0xcB74874f1e06Fcf80A306e06e5379A44B488bA2D
Digital Currency Address - ETH,0x0330070FD38Ec3bB94F58FA55D40368271E9e54A
Digital Currency Address - ETH,0x9Be599d7867f5E1a2D7Ec6dB9710dF2b98A15573
Digital Currency Address - TRX,TEEYCuGDyeNkuDj4u6GQRXxXo3Nh29r2vP
Digital Currency Address - TRX,TZB4NrX7k9ZsV6PRc1GigAztLL8WHpLvwP
Digital Currency Address - TRX,TDe2UNAvuUnTbbDo7518eMe3TXN5qJW8Ft
